Suit_1,Suit_2,Suit_3,Suit_4,Suit_5,Name,HorizontalOffset,VerticalOffset,SideAttackOffset,UpDownAttackOffset,SizeMultiplier,Disjointed,RevolveAround,TravelDistance,LifeTime,MovementForce,AttackMovementType,HasAnimationFlip,AttackerAnimation,SingleAnimationLifeTime,AttackAnimationString,CapsuleDirection,HasParticleTrail,ParticleTrailColor,RotationRate,GroundOrigination,WallOrigination,HasSubAttack,SubAttackIndex,Tangible,AdjustedAngle,NumberOfAttackInstances,Mass,GravityScale,AttackDelay,CreateSubAttackOnEnd,SubAttackDirectionOnRight,SubAttackDirectionOnLeft,SubAttackDirectionOnUp,SubAttackDirectionOnDown,MoveTowardsTarget,AnimateAttacker,Knockback,HasHitBox,HitBoxIsTrigger,ForceAmplifier
0,15,15,15,15,Blade Strike,0,0,0.4,0.5,2,0,0,0,0,0,3,1,0,1,SwordAttackRedux,1,0,FFFFFFFF,0,0,0,0,0,0,0,1,1,1,0,0,0,1,3,2,0,1,0,1,0,0
0,3,15,15,15,Fire Strike,0,0,0.5,0.6,2.3,0,0,0,0,0,3,0,0,1,FireSwordAttack,1,1,FF0000FF,0,0,0,0,0,0,0,1,1,1,0,0,0,1,3,2,0,1,0,1,0,0
5,15,15,15,15,Sapling,0,0,0,0,1,1,0,0,0,20,2,0,0,0,CloverSeedAttack,1,1,00FF00FF,0,0,0,1,0,0,0,1,3,3,0,1,4,4,4,4,0,1,0,1,0,0
5,15,15,15,15,Sapling Sub 1,0,0,0.5,0.5,1,1,0,0,7,0,0,0,0,0,CloverGrowAttack,1,0,00FF00FF,0,0,0,1,1,0,0,1,1,1,0,1,0,1,3,2,0,0,0,1,1,0
5,15,15,15,15,Sapling Sub 2,0,0,0,0,1,1,0,0,0,0,0,0,0,1,CloverEndAttack,1,0,00FF00FF,0,0,0,0,2,0,0,1,1,1,0,0,0,1,3,2,0,0,0,1,0,0
0,0,15,15,15,Double Strike,0,0,0.4,0.5,2,0,0,0,0,0,3,1,0,1,SwordAttackRedux,1,0,FFFFFFFF,0,0,0,1,0,0,0,1,1,1,0,1,0,1,3,2,0,1,0,1,0,0
0,0,15,15,15,Double Strike Sub,0,0,0.4,0.5,2,0,0,0,0,0,3,1,0,1,SwordAttackRedux,1,0,FFFFFFFF,0,0,0,0,1,0,0,1,1,1,0,0,0,1,3,2,0,1,0,1,0,0
0,1,15,15,15,Great Sword,0,0.3,0.2,0.1,1.3,0,0,0,0,0,3,0,6,1,GreatSwordAttack,1,0,FFFFFFFF,0,0,0,0,0,0,0,1,1,1,0.18,0,0,1,3,2,0,1,0,1,0,0
0,1,3,15,15,Great Flame Sword,0,0.3,0.2,0.1,1.3,0,0,0,0,0,3,0,6,1,GreatFlameSwordAttack,1,0,FFFFFFFF,0,0,0,0,0,0,0,1,1,1,0.18,0,0,1,3,2,0,1,0,1,0,0
0,2,15,15,15,Boomerang,0,-0.07,0.5,0.5,2,1,0,8,5,1.5,2,0,0,0,BoomerangAttack,1,1,FFFFFFFF,0,0,0,0,0,0,0,1,3,0,0.1,0,0,1,3,2,0,1,0,1,0,-0.28
0,5,15,15,15,Vine Lash,0,0,0.5,0.6,2,0,0,0,0,0,3,0,0,1,VineLashAttack,0,1,00FF00FF,0,0,0,0,0,0,0,1,1,1,0,0,0,1,3,2,0,1,0,1,0,0
0,6,15,15,15,Frost Spear,0,0,0.5,0.6,2.3,0,0,0,0,0,3,0,0,1,FrostSpearAttack,0,1,0000FFFF,0,0,0,0,0,0,0,1,1,1,0,0,0,1,3,2,0,1,0,1,0,0
1,3,15,15,15,Flame Axe,0,0.65,0.2,0.1,1.5,0,0,0,0,0,3,0,1,1,FireAxeAttack,1,0,FF0000FF,0,0,0,0,0,0,0,1,1,1,0,0,0,1,3,2,0,1,0,1,0,0
1,4,15,15,15,Hammer Smash,0,0.65,0.2,0.1,1.5,0,0,0,0,0,3,0,1,1,StoneHammerAttack,1,0,7F3F00FF,0,0,0,0,0,0,0,1,1,1,0,0,0,1,3,2,0,1,0,1,0,0
1,6,15,15,15,Frost Mace,0,0.65,0.2,0.1,1.5,0,0,0,0,0,3,0,1,1,IceMaceAttack,1,0,00E5FFFF,0,0,0,1,0,0,0,1,1,1,0,1,4,4,4,4,0,1,0,1,0,0
1,6,15,15,15,Ice Spikes,1,0,0.5,0.5,2,1,0,0,10,0,0,0,0,1,IceSpikeAttack,1,0,00FF00FF,0,0,0,0,1,0,0,1,1,1,0,0,0,1,3,2,0,0,0,1,0,0
1,15,15,15,15,Axe Swing,0,0.65,0.2,0.1,1.5,0,0,0,0,0,3,0,1,1,AxeAttack,1,0,FFFFFFFF,0,0,0,0,0,0,0,1,1,1,0,0,0,1,3,2,0,1,0,1,0,0
2,15,15,15,15,Arrow Shot,0,-0.07,0.5,0.5,1.5,1,0,8,0.4,0,1,0,2,0,ArrowAttack,1,0,FFFFFFFF,0,0,0,0,0,0,0,1,1,1,0,0,0,1,3,2,0,1,0,1,0,0
2,2,15,15,15,Double Arrow,0,0,0.5,0.5,1.5,1,0,8,0.4,0,1,0,2,0,ArrowAttack,1,1,FFFFFFFF,0,0,0,0,0,0,10,2,1,1,0,0,0,1,3,2,0,1,0,1,0,0
2,2,2,15,15,Triple Arrow,0,0,0.5,0.5,1.5,1,0,8,0.4,0,1,0,2,0,ArrowAttack,1,1,FFFFFFFF,0,0,0,0,0,0,10,3,1,1,0,0,0,1,3,2,0,1,0,1,0,0
3,15,15,15,15,Fire Spell,0,0,0.5,0.5,1,1,0,7,0.6,0,1,0,0,0,HeartAttack,1,1,FF7F00FF,0,0,0,0,0,0,0,1,1,1,0,0,0,1,3,2,0,1,0,1,0,0
3,3,15,15,15,Fire Ball,0,0,0.5,0.5,1.5,1,0,7,0.6,0,1,0,0,0,DoubleHeartAttack,1,1,FF7F00FF,0,0,0,0,0,0,0,1,1,1,0,0,0,1,3,2,0,1,0,1,0,0
3,3,3,15,15,Fire Blast,0,0,0.5,0.5,3,1,0,7,0.6,0,1,0,4,0,ThreeFireAttack,0,1,FF7F00FF,0,0,0,0,0,0,0,1,1,1,0.15,0,0,1,3,2,0,1,0,1,0,0
4,15,15,15,15,Rock Burst,0,0.75,1,-0.75,1.5,1,0,0,0,0,0,0,0,1,SpadeGroundAttack,1,0,7F3F00FF,0,1,0,1,0,0,0,1,1,1,0,0,3,3,2,3,0,1,0,0,0,0
4,15,15,15,15,Rock Burst Sub,0,0,0,0,1.5,1,0,0,0,35,2,0,0,0,SpadeSubAttack,1,1,7F3F00FF,30,0,0,0,1,1,0,1,3,3,0,0,0,1,3,2,0,0,0,1,0,0
6,15,15,15,15,Frost Shot,0,0,0.5,0.5,1,1,0,4,0.4,0,1,0,0,0,DiamondAttack,1,1,00E5FFFF,0,0,0,0,0,0,20,3,1,1,0,0,0,1,3,2,0,1,0,1,0,0
3,6,15,15,15,Frost Fire,0,0,1.7,2,2.5,0,0,0,0,0,3,0,4,1,FrostFireAttack,0,0,00E5FFFF,0,0,0,1,0,0,0,1,1,1,0,1,0,1,3,2,0,1,0,1,0,0
3,6,15,15,15,Frost Fire,0,0,0,0,2.5,1,0,0,0,0,0,0,0,1,FrostFireSubAttack,0,0,00E5FFFF,0,0,0,0,1,0,0,1,1,1,0,0,0,1,3,2,0,1,0,1,0,0
2,5,15,15,15,Seed Arrow Shot,0,-0.07,0.5,0.5,1.5,1,0,8,0.4,0,1,0,2,0,CloverArrowAttack,1,1,00FF00FF,0,0,0,1,0,0,0,1,1,1,0,1,4,4,4,4,0,1,0,1,0,0
2,5,15,15,15,Sapling Sub 1,0,0,0.5,0.5,1,1,0,0,7,0,0,0,0,0,CloverGrowAttack,1,0,0,0,0,0,1,1,0,0,1,1,1,0,1,0,1,3,2,0,0,0,1,1,0
2,5,15,15,15,Sapling Sub 2,0,0,0,0,1,1,0,0,0,0,0,0,0,1,CloverEndAttack,1,0,0,0,0,0,0,2,0,0,1,1,1,0,0,0,1,3,2,0,0,0,1,0,0
2,2,5,15,15,Double Seed Arrow,0,0,0.5,0.5,1.5,1,0,8,0.4,0,1,0,2,0,CloverArrowAttack,1,1,00FF00FF,0,0,0,1,0,0,10,2,1,1,0,1,4,4,4,4,0,1,0,1,0,0
2,2,5,15,15,Sapling Sub 1,0,0,0.5,0.5,1,1,0,0,7,0,0,0,0,0,CloverGrowAttack,1,0,0,0,0,0,1,1,0,0,1,1,1,0,1,0,1,3,2,0,0,0,1,1,0
2,2,5,15,15,Sapling Sub 2,0,0,0,0,1,1,0,0,0,0,0,0,0,1,CloverEndAttack,1,0,0,0,0,0,0,2,0,0,1,1,1,0,0,0,1,3,2,0,0,0,1,0,0
2,2,5,15,15,Triple Seed Arrow,0,0,0.5,0.5,1.5,1,0,8,0.4,0,1,0,2,0,CloverArrowAttack,1,1,00FF00FF,0,0,0,1,0,0,10,3,1,1,0,1,4,4,4,4,0,1,0,1,0,0
2,2,5,15,15,Sapling Sub 1,0,0,0.5,0.5,1,1,0,0,7,0,0,0,0,0,CloverGrowAttack,1,0,0,0,0,0,1,1,0,0,1,1,1,0,1,0,1,3,2,0,0,0,1,1,0
2,2,5,15,15,Sapling Sub 2,0,0,0,0,1,1,0,0,0,0,0,0,0,1,CloverEndAttack,1,0,0,0,0,0,0,2,0,0,1,1,1,0,0,0,1,3,2,0,0,0,1,0,0
